Дата продажи,Продукт,Категория продукта,Количество проданных единиц,Цена за единицу,Общая стоимость продажи
2023-03-01,Лапша,Макаронные изделия,3,4.1,12.3
2023-03-01,Бриошь,Хлебобулочные изделия,19,4.67,88.73
2023-03-01,Редис,Овощи,9,4.83,43.47
2023-03-01,Гречка,Крупы,3,1.17,3.51
2023-03-01,Гречка,Крупы,6,4.98,29.88
2023-03-01,Гречка,Крупы,5,0.59,2.95
2023-03-01,Молоко,Молочные продукты,10,1.72,17.2
2023-03-01,Багет,Хлебобулочные изделия,18,4.39,79.02
2023-03-01,Бананы,Фрукты,19,3.04,57.76
2023-03-01,Батон,Хлебобулочные изделия,12,2.74,32.88
2023-03-02,Молоко,Молочные продукты,11,4.32,47.52
2023-03-02,Багет,Хлебобулочные изделия,16,1.58,25.28
2023-03-02,Батон,Хлебобулочные изделия,14,4.57,63.98
2023-03-02,Апельсины,Фрукты,14,0.75,10.5
2023-03-02,Йогурт,Молочные продукты,8,2.69,21.52
2023-03-02,Яйца,Молочные продукты,11,4.97,54.67
2023-03-02,Крендель,Хлебобулочные изделия,18,4.61,82.98
2023-03-02,Батон,Хлебобулочные изделия,3,1.76,5.28
2023-03-02,Крендель,Хлебобулочные изделия,15,0.89,13.35
2023-03-02,Морковь,Овощи,9,3.36,30.24
2023-03-02,Лапша,Макаронные изделия,7,2.11,14.77
2023-03-02,Багет,Хлебобулочные изделия,16,2.48,39.68
2023-03-02,Редис,Овощи,16,3.57,57.12
2023-03-02,Батон,Хлебобулочные изделия,7,2.52,17.64
2023-03-02,Бананы,Фрукты,17,2.82,47.94
2023-03-02,Гречка,Крупы,8,4.11,32.88
2023-03-02,Редис,Овощи,14,4.4,61.6
2023-03-02,Картофель,Овощи,18,0.78,14.04
2023-03-02,Йогурт,Молочные продукты,15,3.64,54.6
2023-03-02,Птитим,Макаронные изделия,12,3.16,37.92
2023-03-02,Молоко,Молочные продукты,19,2.92,55.48
2023-03-02,Морковь,Овощи,10,4.37,43.7
2023-03-02,Кефир,Молочные продукты,4,2.04,8.16
2023-03-03,Багет,Хлебобулочные изделия,18,4.59,82.62
2023-03-03,Редис,Овощи,7,0.8,5.6
2023-03-03,Йогурт,Молочные продукты,13,1.01,13.13
2023-03-03,Яблоки,Фрукты,8,1.82,14.56
2023-03-03,Яйца,Молочные продукты,20,4.32,86.4
2023-03-03,Йогурт,Молочные продукты,8,2.09,16.72
2023-03-03,Вермишель,Макаронные изделия,11,2.25,24.75
2023-03-03,Птитим,Макаронные изделия,18,2.44,43.92
2023-03-03,Бриошь,Хлебобулочные изделия,15,0.76,11.4
2023-03-03,Йогурт,Молочные продукты,4,4.24,16.96
2023-03-03,Сметана,Молочные продукты,15,0.56,8.4
2023-03-03,Багет,Хлебобулочные изделия,20,3.7,74.0
2023-03-03,Сметана,Молочные продукты,4,4.55,18.2
2023-03-03,Картофель,Овощи,18,2.57,46.26
2023-03-03,Яблоки,Фрукты,2,0.77,1.54
2023-03-03,Перловка,Крупы,1,1.97,1.97
2023-03-03,Гречка,Крупы,20,4.34,86.8
2023-03-03,Сметана,Молочные продукты,14,2.13,29.82
2023-03-03,Рис,Крупы,11,1.28,14.08
2023-03-03,Редис,Овощи,14,1.35,18.9
2023-03-03,Бананы,Фрукты,3,0.72,2.16
2023-03-03,Йогурт,Молочные продукты,1,3.31,3.31
2023-03-03,Рис,Крупы,16,4.42,70.72
2023-03-03,Бананы,Фрукты,10,4.56,45.6
2023-03-04,Лапша,Макаронные изделия,8,2.33,18.64
2023-03-04,Батон,Хлебобулочные изделия,20,2.24,44.8
2023-03-04,Картофель,Овощи,20,1.23,24.6
2023-03-04,Крендель,Хлебобулочные изделия,19,3.89,73.91
2023-03-04,Йогурт,Молочные продукты,5,2.48,12.4
2023-03-04,Молоко,Молочные продукты,1,2.42,2.42
2023-03-04,Лапша,Макаронные изделия,18,2.91,52.38
2023-03-04,Крендель,Хлебобулочные изделия,4,2.98,11.92
2023-03-04,Крендель,Хлебобулочные изделия,1,4.22,4.22
2023-03-04,Рис,Крупы,15,3.91,58.65
2023-03-04,Вермишель,Макаронные изделия,11,4.26,46.86
2023-03-04,Багет,Хлебобулочные изделия,16,2.93,46.88
2023-03-04,Гречка,Крупы,18,3.86,69.48
2023-03-04,Редис,Овощи,11,3.33,36.63
2023-03-04,Редис,Овощи,13,1.98,25.74
2023-03-04,Вермишель,Макаронные изделия,13,3.33,43.29
2023-03-04,Яйца,Молочные продукты,12,1.09,13.08
2023-03-04,Лапша,Макаронные изделия,19,4.98,94.62
2023-03-04,Перловка,Крупы,18,1.91,34.38
2023-03-04,Кефир,Молочные продукты,14,2.67,37.38
2023-03-04,Бананы,Фрукты,3,3.49,10.47
2023-03-05,Яблоки,Фрукты,3,3.2,9.6
2023-03-05,Крендель,Хлебобулочные изделия,20,0.72,14.4
2023-03-05,Лапша,Макаронные изделия,16,1.43,22.88
2023-03-05,Сметана,Молочные продукты,9,3.77,33.93
2023-03-05,Бананы,Фрукты,13,1.41,18.33
2023-03-05,Морковь,Овощи,20,4.1,82.0
2023-03-05,Вермишель,Макаронные изделия,8,4.66,37.28
2023-03-05,Картофель,Овощи,20,0.71,14.2
2023-03-05,Йогурт,Молочные продукты,2,1.12,2.24
2023-03-05,Редис,Овощи,13,2.22,28.86
2023-03-05,Редис,Овощи,13,1.45,18.85
2023-03-05,Морковь,Овощи,6,4.56,27.36
2023-03-06,Яйца,Молочные продукты,2,4.49,8.98
2023-03-06,Гречка,Крупы,4,1.07,4.28
2023-03-06,Кефир,Молочные продукты,9,2.49,22.41
2023-03-06,Картофель,Овощи,17,2.5,42.5
2023-03-06,Перловка,Крупы,17,1.9,32.3
2023-03-06,Молоко,Молочные продукты,11,2.24,24.64
2023-03-06,Вермишель,Макаронные изделия,2,1.08,2.16
2023-03-06,Батон,Хлебобулочные изделия,20,3.89,77.8
2023-03-06,Батон,Хлебобулочные изделия,11,2.63,28.93
2023-03-06,Сметана,Молочные продукты,10,0.79,7.9
2023-03-06,Апельсины,Фрукты,5,4.32,21.6
2023-03-06,Картофель,Овощи,5,4.74,23.7
2023-03-06,Птитим,Макаронные изделия,13,2.75,35.75
2023-03-06,Апельсины,Фрукты,10,1.36,13.6
2023-03-06,Гречка,Крупы,9,1.74,15.66
2023-03-06,Картофель,Овощи,10,3.73,37.3
2023-03-06,Апельсины,Фрукты,7,3.45,24.15
2023-03-06,Гречка,Крупы,16,4.73,75.68
2023-03-06,Йогурт,Молочные продукты,4,0.92,3.68
2023-03-06,Птитим,Макаронные изделия,11,2.07,22.77
2023-03-06,Сметана,Молочные продукты,16,4.38,70.08
2023-03-06,Батон,Хлебобулочные изделия,17,1.0,17.0
2023-03-06,Крендель,Хлебобулочные изделия,6,4.17,25.02
2023-03-06,Молоко,Молочные продукты,7,2.12,14.84
2023-03-06,Яблоки,Фрукты,5,2.83,14.15
2023-03-06,Яйца,Молочные продукты,17,2.4,40.8
2023-03-06,Апельсины,Фрукты,7,0.73,5.11
2023-03-07,Гречка,Крупы,10,2.28,22.8
2023-03-07,Крендель,Хлебобулочные изделия,10,3.83,38.3
2023-03-07,Багет,Хлебобулочные изделия,1,2.96,2.96
2023-03-07,Рис,Крупы,14,1.06,14.84
2023-03-07,Гречка,Крупы,8,2.39,19.12
2023-03-07,Птитим,Макаронные изделия,17,2.15,36.55
2023-03-07,Батон,Хлебобулочные изделия,6,3.22,19.32
2023-03-07,Яйца,Молочные продукты,19,1.78,33.82
2023-03-07,Сметана,Молочные продукты,8,4.28,34.24
2023-03-07,Гречка,Крупы,5,1.66,8.3
2023-03-07,Батон,Хлебобулочные изделия,17,2.51,42.67
2023-03-07,Гречка,Крупы,16,2.37,37.92
2023-03-07,Бриошь,Хлебобулочные изделия,9,3.85,34.65
2023-03-07,Перловка,Крупы,7,2.5,17.5
2023-03-07,Вермишель,Макаронные изделия,10,1.48,14.8
2023-03-07,Лапша,Макаронные изделия,4,0.59,2.36
2023-03-07,Сметана,Молочные продукты,7,4.32,30.24
2023-03-07,Кефир,Молочные продукты,7,1.21,8.47
2023-03-07,Йогурт,Молочные продукты,13,1.89,24.57
2023-03-07,Молоко,Молочные продукты,15,1.38,20.7
2023-03-08,Картофель,Овощи,12,3.85,46.2
2023-03-08,Молоко,Молочные продукты,8,1.19,9.52
2023-03-08,Крендель,Хлебобулочные изделия,10,0.71,7.1
2023-03-08,Бананы,Фрукты,1,0.91,0.91
2023-03-08,Рис,Крупы,9,4.82,43.38
2023-03-08,Рис,Крупы,20,2.71,54.2
2023-03-08,Яйца,Молочные продукты,17,2.52,42.84
2023-03-08,Апельсины,Фрукты,10,4.43,44.3
2023-03-08,Яйца,Молочные продукты,19,2.46,46.74
2023-03-08,Йогурт,Молочные продукты,5,0.65,3.25
2023-03-08,Перловка,Крупы,8,2.2,17.6
2023-03-08,Молоко,Молочные продукты,4,3.57,14.28
2023-03-08,Морковь,Овощи,9,3.95,35.55
2023-03-09,Крендель,Хлебобулочные изделия,4,1.49,5.96
2023-03-09,Лапша,Макаронные изделия,8,2.61,20.88
2023-03-09,Рис,Крупы,3,3.74,11.22
2023-03-09,Яблоки,Фрукты,7,3.37,23.59
2023-03-09,Батон,Хлебобулочные изделия,4,3.48,13.92
2023-03-09,Птитим,Макаронные изделия,15,0.52,7.8
2023-03-09,Йогурт,Молочные продукты,14,0.7,9.8
2023-03-09,Кефир,Молочные продукты,2,4.93,9.86
2023-03-09,Батон,Хлебобулочные изделия,12,2.65,31.8
2023-03-09,Бриошь,Хлебобулочные изделия,15,2.23,33.45
2023-03-09,Картофель,Овощи,4,2.43,9.72
2023-03-09,Картофель,Овощи,16,1.57,25.12
2023-03-09,Молоко,Молочные продукты,11,3.43,37.73
2023-03-09,Гречка,Крупы,19,1.78,33.82
2023-03-09,Молоко,Молочные продукты,3,1.1,3.3
2023-03-09,Гречка,Крупы,5,1.63,8.15
2023-03-09,Кефир,Молочные продукты,16,4.24,67.84
2023-03-09,Перловка,Крупы,10,3.26,32.6
2023-03-09,Крендель,Хлебобулочные изделия,1,3.87,3.87
2023-03-09,Молоко,Молочные продукты,12,2.62,31.44
2023-03-09,Яблоки,Фрукты,19,1.41,26.79
2023-03-09,Морковь,Овощи,6,3.82,22.92
2023-03-09,Молоко,Молочные продукты,18,4.39,79.02
2023-03-09,Гречка,Крупы,20,3.14,62.8
2023-03-09,Морковь,Овощи,4,1.65,6.6
2023-03-10,Бананы,Фрукты,2,4.38,8.76
2023-03-10,Яйца,Молочные продукты,8,4.85,38.8
2023-03-10,Йогурт,Молочные продукты,14,0.59,8.26
2023-03-10,Редис,Овощи,16,3.54,56.64
2023-03-10,Картофель,Овощи,12,0.51,6.12
2023-03-10,Яблоки,Фрукты,7,2.15,15.05
2023-03-10,Картофель,Овощи,10,1.7,17.0
2023-03-10,Вермишель,Макаронные изделия,11,4.61,50.71
2023-03-10,Крендель,Хлебобулочные изделия,1,1.67,1.67
2023-03-10,Багет,Хлебобулочные изделия,15,0.89,13.35
2023-03-10,Апельсины,Фрукты,16,1.58,25.28
2023-03-10,Птитим,Макаронные изделия,3,3.84,11.52
2023-03-10,Лапша,Макаронные изделия,13,3.57,46.41
2023-03-10,Йогурт,Молочные продукты,7,3.23,22.61
2023-03-10,Кефир,Молочные продукты,7,2.44,17.08
2023-03-10,Молоко,Молочные продукты,2,2.26,4.52
2023-03-10,Апельсины,Фрукты,3,3.26,9.78
2023-03-10,Вермишель,Макаронные изделия,14,3.17,44.38
2023-03-10,Птитим,Макаронные изделия,13,3.13,40.69
2023-03-10,Яблоки,Фрукты,9,4.25,38.25
2023-03-10,Картофель,Овощи,7,0.51,3.57
2023-03-10,Бананы,Фрукты,20,2.94,58.8
2023-03-10,Вермишель,Макаронные изделия,1,2.54,2.54
2023-03-10,Крендель,Хлебобулочные изделия,8,1.35,10.8
2023-03-10,Крендель,Хлебобулочные изделия,19,4.16,79.04
2023-03-10,Молоко,Молочные продукты,11,2.77,30.47
2023-03-11,Лапша,Макаронные изделия,16,3.86,61.76
2023-03-11,Йогурт,Молочные продукты,17,1.81,30.77
2023-03-11,Бананы,Фрукты,20,4.77,95.4
2023-03-11,Крендель,Хлебобулочные изделия,8,1.51,12.08
2023-03-11,Картофель,Овощи,7,3.59,25.13
2023-03-11,Яблоки,Фрукты,11,2.2,24.2
2023-03-11,Кефир,Молочные продукты,14,3.23,45.22
2023-03-11,Бананы,Фрукты,10,3.99,39.9
2023-03-11,Бананы,Фрукты,4,1.69,6.76
2023-03-11,Бананы,Фрукты,3,3.92,11.76
2023-03-11,Картофель,Овощи,14,2.41,33.74
2023-03-11,Сметана,Молочные продукты,2,3.39,6.78
2023-03-11,Бриошь,Хлебобулочные изделия,3,1.12,3.36
2023-03-11,Апельсины,Фрукты,7,4.57,31.99
2023-03-11,Морковь,Овощи,1,1.37,1.37
2023-03-11,Морковь,Овощи,17,3.73,63.41
2023-03-11,Багет,Хлебобулочные изделия,15,4.54,68.1
2023-03-11,Лапша,Макаронные изделия,9,3.35,30.15
2023-03-11,Морковь,Овощи,20,1.93,38.6
2023-03-11,Кефир,Молочные продукты,8,1.78,14.24
2023-03-11,Перловка,Крупы,12,1.52,18.24
2023-03-11,Сметана,Молочные продукты,10,2.75,27.5
2023-03-11,Морковь,Овощи,1,4.83,4.83
2023-03-11,Яйца,Молочные продукты,14,2.6,36.4
2023-03-11,Перловка,Крупы,10,2.28,22.8
2023-03-11,Рис,Крупы,6,1.38,8.28
2023-03-12,Молоко,Молочные продукты,11,2.45,26.95
2023-03-12,Кефир,Молочные продукты,8,1.81,14.48
2023-03-12,Йогурт,Молочные продукты,19,1.31,24.89
2023-03-12,Молоко,Молочные продукты,6,4.06,24.36
2023-03-12,Сметана,Молочные продукты,9,4.09,36.81
2023-03-12,Гречка,Крупы,3,1.82,5.46
2023-03-12,Апельсины,Фрукты,2,2.86,5.72
2023-03-12,Вермишель,Макаронные изделия,19,3.2,60.8
2023-03-12,Йогурт,Молочные продукты,11,0.83,9.13
2023-03-12,Морковь,Овощи,20,3.18,63.6
2023-03-12,Вермишель,Макаронные изделия,2,2.81,5.62
2023-03-12,Редис,Овощи,7,5.0,35.0
2023-03-12,Багет,Хлебобулочные изделия,11,0.82,9.02
2023-03-12,Картофель,Овощи,17,3.52,59.84
2023-03-12,Морковь,Овощи,19,0.83,15.77
2023-03-12,Багет,Хлебобулочные изделия,4,0.51,2.04
2023-03-12,Рис,Крупы,16,1.27,20.32
2023-03-12,Батон,Хлебобулочные изделия,10,1.24,12.4
2023-03-12,Багет,Хлебобулочные изделия,18,0.56,10.08
2023-03-13,Перловка,Крупы,9,2.26,20.34
2023-03-13,Яблоки,Фрукты,9,2.52,22.68
2023-03-13,Бриошь,Хлебобулочные изделия,4,0.69,2.76
2023-03-13,Птитим,Макаронные изделия,17,4.92,83.64
2023-03-13,Батон,Хлебобулочные изделия,18,2.05,36.9
2023-03-13,Апельсины,Фрукты,4,4.04,16.16
2023-03-13,Картофель,Овощи,20,4.6,92.0
2023-03-13,Яблоки,Фрукты,10,4.69,46.9
2023-03-13,Батон,Хлебобулочные изделия,6,4.79,28.74
2023-03-13,Гречка,Крупы,20,2.55,51.0
2023-03-13,Бриошь,Хлебобулочные изделия,19,2.22,42.18
2023-03-13,Яблоки,Фрукты,16,3.6,57.6
2023-03-13,Лапша,Макаронные изделия,20,4.67,93.4
2023-03-13,Гречка,Крупы,3,3.55,10.65
2023-03-13,Крендель,Хлебобулочные изделия,6,3.95,23.7
2023-03-13,Йогурт,Молочные продукты,9,4.95,44.55
2023-03-13,Лапша,Макаронные изделия,18,1.36,24.48
2023-03-13,Бриошь,Хлебобулочные изделия,9,2.25,20.25
2023-03-13,Бананы,Фрукты,4,1.96,7.84
2023-03-13,Багет,Хлебобулочные изделия,5,3.99,19.95
2023-03-14,Крендель,Хлебобулочные изделия,5,3.0,15.0
2023-03-14,Лапша,Макаронные изделия,5,1.77,8.85
2023-03-14,Сметана,Молочные продукты,15,2.28,34.2
2023-03-14,Апельсины,Фрукты,6,1.72,10.32
2023-03-14,Вермишель,Макаронные изделия,19,1.48,28.12
2023-03-14,Кефир,Молочные продукты,10,4.73,47.3
2023-03-14,Яйца,Молочные продукты,3,0.63,1.89
2023-03-14,Птитим,Макаронные изделия,4,0.57,2.28
2023-03-14,Перловка,Крупы,2,2.53,5.06
2023-03-14,Яйца,Молочные продукты,9,4.82,43.38
2023-03-14,Йогурт,Молочные продукты,9,2.81,25.29
2023-03-14,Птитим,Макаронные изделия,15,1.9,28.5
2023-03-14,Морковь,Овощи,10,3.36,33.6
2023-03-14,Морковь,Овощи,5,3.92,19.6
2023-03-14,Кефир,Молочные продукты,19,2.2,41.8
2023-03-14,Крендель,Хлебобулочные изделия,8,4.67,37.36
2023-03-15,Редис,Овощи,2,3.61,7.22
2023-03-15,Лапша,Макаронные изделия,5,3.51,17.55
2023-03-15,Гречка,Крупы,16,4.01,64.16
2023-03-15,Перловка,Крупы,10,4.23,42.3
2023-03-15,Сметана,Молочные продукты,20,3.78,75.6
2023-03-15,Вермишель,Макаронные изделия,11,0.53,5.83
2023-03-15,Молоко,Молочные продукты,14,3.61,50.54
2023-03-15,Крендель,Хлебобулочные изделия,4,3.16,12.64
2023-03-15,Бриошь,Хлебобулочные изделия,11,2.77,30.47
2023-03-15,Багет,Хлебобулочные изделия,4,4.33,17.32
2023-03-15,Бриошь,Хлебобулочные изделия,8,3.97,31.76
2023-03-15,Яйца,Молочные продукты,18,2.58,46.44
2023-03-15,Молоко,Молочные продукты,19,3.31,62.89
2023-03-15,Бриошь,Хлебобулочные изделия,20,2.36,47.2
2023-03-15,Яблоки,Фрукты,17,4.53,77.01
2023-03-15,Йогурт,Молочные продукты,16,4.16,66.56
2023-03-15,Картофель,Овощи,8,1.51,12.08
2023-03-15,Батон,Хлебобулочные изделия,18,2.56,46.08
2023-03-15,Перловка,Крупы,4,0.85,3.4
2023-03-15,Вермишель,Макаронные изделия,5,3.13,15.65
2023-03-15,Бриошь,Хлебобулочные изделия,11,2.02,22.22
2023-03-15,Батон,Хлебобулочные изделия,3,3.44,10.32
2023-03-15,Перловка,Крупы,8,3.08,24.64
2023-03-15,Птитим,Макаронные изделия,12,4.44,53.28
2023-03-16,Сметана,Молочные продукты,4,3.94,15.76
2023-03-16,Морковь,Овощи,2,4.75,9.5
2023-03-16,Апельсины,Фрукты,18,0.64,11.52
2023-03-16,Яблоки,Фрукты,19,4.73,89.87
2023-03-16,Лапша,Макаронные изделия,18,0.63,11.34
2023-03-16,Кефир,Молочные продукты,9,0.51,4.59
2023-03-16,Кефир,Молочные продукты,13,2.39,31.07
2023-03-16,Яблоки,Фрукты,4,1.91,7.64
2023-03-16,Кефир,Молочные продукты,20,0.77,15.4
2023-03-16,Картофель,Овощи,8,1.8,14.4
2023-03-16,Апельсины,Фрукты,18,4.5,81.0
2023-03-16,Батон,Хлебобулочные изделия,4,1.64,6.56
2023-03-16,Апельсины,Фрукты,16,2.31,36.96
2023-03-16,Рис,Крупы,2,3.11,6.22
2023-03-16,Морковь,Овощи,7,1.19,8.33
2023-03-16,Крендель,Хлебобулочные изделия,8,3.53,28.24
2023-03-16,Крендель,Хлебобулочные изделия,8,3.25,26.0
2023-03-16,Крендель,Хлебобулочные изделия,12,2.89,34.68
2023-03-16,Сметана,Молочные продукты,13,4.3,55.9
2023-03-16,Редис,Овощи,6,1.47,8.82
2023-03-16,Багет,Хлебобулочные изделия,6,1.56,9.36
2023-03-16,Картофель,Овощи,8,4.51,36.08
2023-03-16,Яйца,Молочные продукты,6,1.24,7.44
2023-03-16,Яблоки,Фрукты,7,3.85,26.95
2023-03-16,Йогурт,Молочные продукты,12,0.54,6.48
2023-03-16,Картофель,Овощи,10,0.58,5.8
2023-03-17,Бриошь,Хлебобулочные изделия,9,4.32,38.88
2023-03-17,Перловка,Крупы,16,1.84,29.44
2023-03-17,Багет,Хлебобулочные изделия,7,3.37,23.59
2023-03-17,Молоко,Молочные продукты,20,1.81,36.2
2023-03-17,Бананы,Фрукты,14,4.8,67.2
2023-03-17,Багет,Хлебобулочные изделия,11,0.51,5.61
2023-03-17,Картофель,Овощи,4,4.24,16.96
2023-03-17,Редис,Овощи,20,4.42,88.4
2023-03-17,Молоко,Молочные продукты,4,2.41,9.64
2023-03-17,Бананы,Фрукты,13,2.07,26.91
2023-03-17,Гречка,Крупы,10,4.93,49.3
2023-03-18,Апельсины,Фрукты,7,2.14,14.98
2023-03-18,Апельсины,Фрукты,15,4.87,73.05
2023-03-18,Яйца,Молочные продукты,5,3.15,15.75
2023-03-18,Апельсины,Фрукты,8,3.64,29.12
2023-03-18,Картофель,Овощи,8,3.02,24.16
2023-03-18,Крендель,Хлебобулочные изделия,18,2.22,39.96
2023-03-18,Морковь,Овощи,18,1.32,23.76
2023-03-18,Лапша,Макаронные изделия,18,1.35,24.3
2023-03-18,Картофель,Овощи,1,4.02,4.02
2023-03-18,Лапша,Макаронные изделия,6,4.2,25.2
2023-03-18,Птитим,Макаронные изделия,20,3.36,67.2
2023-03-18,Рис,Крупы,12,1.37,16.44
2023-03-19,Яблоки,Фрукты,10,4.76,47.6
2023-03-19,Бананы,Фрукты,10,4.5,45.0
2023-03-19,Редис,Овощи,6,4.79,28.74
2023-03-19,Яйца,Молочные продукты,18,2.1,37.8
2023-03-19,Йогурт,Молочные продукты,5,0.59,2.95
2023-03-19,Яблоки,Фрукты,14,4.21,58.94
2023-03-19,Яйца,Молочные продукты,16,4.07,65.12
2023-03-19,Картофель,Овощи,4,4.93,19.72
2023-03-19,Батон,Хлебобулочные изделия,18,2.83,50.94
2023-03-19,Перловка,Крупы,3,1.97,5.91
2023-03-19,Молоко,Молочные продукты,15,3.07,46.05
2023-03-19,Морковь,Овощи,1,1.68,1.68
2023-03-19,Багет,Хлебобулочные изделия,4,1.81,7.24
2023-03-19,Кефир,Молочные продукты,8,2.75,22.0
2023-03-19,Лапша,Макаронные изделия,20,1.58,31.6
2023-03-19,Редис,Овощи,15,3.9,58.5
2023-03-19,Йогурт,Молочные продукты,14,4.65,65.1
2023-03-19,Гречка,Крупы,9,2.63,23.67
2023-03-20,Молоко,Молочные продукты,15,4.2,63.0
2023-03-20,Батон,Хлебобулочные изделия,8,1.74,13.92
2023-03-20,Птитим,Макаронные изделия,9,0.51,4.59
2023-03-20,Кефир,Молочные продукты,2,2.47,4.94
2023-03-20,Картофель,Овощи,15,2.68,40.2
2023-03-20,Батон,Хлебобулочные изделия,8,1.62,12.96
2023-03-20,Бананы,Фрукты,6,3.05,18.3
2023-03-20,Редис,Овощи,12,2.21,26.52
2023-03-20,Вермишель,Макаронные изделия,18,2.11,37.98
2023-03-20,Батон,Хлебобулочные изделия,13,0.77,10.01
2023-03-21,Бриошь,Хлебобулочные изделия,10,4.45,44.5
2023-03-21,Картофель,Овощи,15,0.9,13.5
2023-03-21,Бананы,Фрукты,1,1.71,1.71
2023-03-21,Вермишель,Макаронные изделия,14,2.44,34.16
2023-03-21,Рис,Крупы,10,0.9,9.0
2023-03-21,Морковь,Овощи,13,1.12,14.56
2023-03-21,Йогурт,Молочные продукты,8,4.28,34.24
2023-03-21,Вермишель,Макаронные изделия,6,1.06,6.36
2023-03-21,Перловка,Крупы,14,0.56,7.84
2023-03-21,Лапша,Макаронные изделия,19,1.56,29.64
2023-03-21,Сметана,Молочные продукты,10,4.0,40.0
2023-03-21,Перловка,Крупы,16,1.15,18.4
2023-03-21,Яйца,Молочные продукты,10,3.29,32.9
2023-03-21,Лапша,Макаронные изделия,18,1.11,19.98
2023-03-21,Крендель,Хлебобулочные изделия,3,2.36,7.08
2023-03-21,Багет,Хлебобулочные изделия,14,2.08,29.12
2023-03-21,Яблоки,Фрукты,8,1.17,9.36
2023-03-21,Батон,Хлебобулочные изделия,20,3.22,64.4
2023-03-21,Лапша,Макаронные изделия,18,3.36,60.48
2023-03-21,Крендель,Хлебобулочные изделия,9,3.06,27.54
2023-03-21,Кефир,Молочные продукты,15,4.89,73.35
2023-03-21,Морковь,Овощи,9,1.2,10.8
2023-03-21,Редис,Овощи,8,0.94,7.52
2023-03-21,Гречка,Крупы,18,2.61,46.98
2023-03-21,Йогурт,Молочные продукты,8,3.41,27.28
2023-03-21,Молоко,Молочные продукты,20,2.45,49.0
2023-03-22,Птитим,Макаронные изделия,18,0.63,11.34
2023-03-22,Рис,Крупы,6,4.31,25.86
2023-03-22,Апельсины,Фрукты,18,1.91,34.38
2023-03-22,Батон,Хлебобулочные изделия,12,3.92,47.04
2023-03-22,Вермишель,Макаронные изделия,7,2.63,18.41
2023-03-22,Перловка,Крупы,7,2.1,14.7
2023-03-22,Бриошь,Хлебобулочные изделия,19,4.47,84.93
2023-03-22,Птитим,Макаронные изделия,10,1.5,15.0
2023-03-22,Редис,Овощи,5,3.72,18.6
2023-03-22,Кефир,Молочные продукты,17,1.51,25.67
2023-03-22,Морковь,Овощи,3,4.12,12.36
2023-03-22,Багет,Хлебобулочные изделия,2,3.34,6.68
2023-03-22,Перловка,Крупы,10,0.84,8.4
2023-03-22,Бананы,Фрукты,5,2.97,14.85
2023-03-22,Рис,Крупы,3,1.61,4.83
2023-03-22,Апельсины,Фрукты,13,3.25,42.25
2023-03-22,Батон,Хлебобулочные изделия,15,4.15,62.25
2023-03-22,Кефир,Молочные продукты,6,2.24,13.44
2023-03-23,Яблоки,Фрукты,20,4.02,80.4
2023-03-23,Апельсины,Фрукты,7,1.16,8.12
2023-03-23,Кефир,Молочные продукты,14,1.34,18.76
2023-03-23,Сметана,Молочные продукты,12,4.22,50.64
2023-03-23,Багет,Хлебобулочные изделия,14,1.51,21.14
2023-03-23,Морковь,Овощи,1,4.14,4.14
2023-03-23,Бриошь,Хлебобулочные изделия,6,0.83,4.98
2023-03-23,Апельсины,Фрукты,12,4.56,54.72
2023-03-23,Картофель,Овощи,17,3.29,55.93
2023-03-23,Рис,Крупы,11,1.46,16.06
2023-03-23,Рис,Крупы,7,1.94,13.58
2023-03-23,Крендель,Хлебобулочные изделия,20,2.76,55.2
2023-03-23,Рис,Крупы,4,2.71,10.84
2023-03-23,Картофель,Овощи,7,4.11,28.77
2023-03-23,Крендель,Хлебобулочные изделия,19,3.66,69.54
2023-03-23,Бриошь,Хлебобулочные изделия,20,4.89,97.8
2023-03-23,Яблоки,Фрукты,11,1.37,15.07
2023-03-24,Лапша,Макаронные изделия,14,1.8,25.2
2023-03-24,Бриошь,Хлебобулочные изделия,1,2.27,2.27
2023-03-24,Бриошь,Хлебобулочные изделия,8,1.57,12.56
2023-03-24,Картофель,Овощи,10,2.93,29.3
2023-03-24,Багет,Хлебобулочные изделия,8,0.88,7.04
2023-03-24,Бананы,Фрукты,9,0.94,8.46
2023-03-24,Апельсины,Фрукты,20,4.54,90.8
2023-03-24,Бананы,Фрукты,17,1.89,32.13
2023-03-24,Морковь,Овощи,18,3.38,60.84
2023-03-24,Кефир,Молочные продукты,7,1.92,13.44
2023-03-24,Йогурт,Молочные продукты,14,1.42,19.88
2023-03-24,Рис,Крупы,17,3.71,63.07
2023-03-24,Апельсины,Фрукты,4,2.62,10.48
2023-03-24,Багет,Хлебобулочные изделия,13,1.73,22.49
2023-03-24,Птитим,Макаронные изделия,8,1.98,15.84
2023-03-24,Редис,Овощи,20,4.88,97.6
2023-03-24,Йогурт,Молочные продукты,11,3.62,39.82
2023-03-24,Крендель,Хлебобулочные изделия,19,3.83,72.77
2023-03-24,Лапша,Макаронные изделия,5,3.82,19.1
2023-03-24,Гречка,Крупы,2,1.23,2.46
2023-03-25,Бриошь,Хлебобулочные изделия,12,3.58,42.96
2023-03-25,Лапша,Макаронные изделия,2,2.48,4.96
2023-03-25,Гречка,Крупы,17,2.76,46.92
2023-03-25,Багет,Хлебобулочные изделия,18,4.82,86.76
2023-03-25,Бриошь,Хлебобулочные изделия,5,1.51,7.55
2023-03-25,Яблоки,Фрукты,17,1.14,19.38
2023-03-25,Яблоки,Фрукты,10,2.41,24.1
2023-03-25,Кефир,Молочные продукты,3,0.74,2.22
2023-03-25,Крендель,Хлебобулочные изделия,6,2.39,14.34
2023-03-25,Вермишель,Макаронные изделия,8,4.04,32.32
2023-03-25,Молоко,Молочные продукты,2,2.16,4.32
2023-03-25,Йогурт,Молочные продукты,5,4.75,23.75
2023-03-25,Кефир,Молочные продукты,19,3.51,66.69
2023-03-25,Йогурт,Молочные продукты,8,2.88,23.04
2023-03-25,Вермишель,Макаронные изделия,19,4.0,76.0
2023-03-25,Кефир,Молочные продукты,11,2.49,27.39
2023-03-25,Крендель,Хлебобулочные изделия,8,1.6,12.8
2023-03-25,Вермишель,Макаронные изделия,14,4.87,68.18
2023-03-25,Яблоки,Фрукты,5,1.31,6.55
2023-03-25,Картофель,Овощи,6,2.28,13.68
2023-03-25,Картофель,Овощи,8,1.67,13.36
2023-03-25,Батон,Хлебобулочные изделия,2,4.03,8.06
2023-03-25,Птитим,Макаронные изделия,3,0.95,2.85
2023-03-25,Бриошь,Хлебобулочные изделия,2,4.05,8.1
2023-03-25,Лапша,Макаронные изделия,18,1.21,21.78
2023-03-26,Рис,Крупы,2,2.82,5.64
2023-03-26,Багет,Хлебобулочные изделия,4,4.73,18.92
2023-03-26,Йогурт,Молочные продукты,10,1.56,15.6
2023-03-26,Яблоки,Фрукты,3,2.4,7.2
2023-03-26,Картофель,Овощи,4,4.45,17.8
2023-03-26,Апельсины,Фрукты,10,4.31,43.1
2023-03-26,Молоко,Молочные продукты,4,2.18,8.72
2023-03-26,Лапша,Макаронные изделия,12,1.67,20.04
2023-03-26,Редис,Овощи,18,2.95,53.1
2023-03-26,Яблоки,Фрукты,7,3.68,25.76
2023-03-26,Вермишель,Макаронные изделия,10,3.8,38.0
2023-03-26,Молоко,Молочные продукты,3,4.26,12.78
2023-03-26,Бананы,Фрукты,8,2.06,16.48
2023-03-26,Вермишель,Макаронные изделия,17,2.6,44.2
2023-03-26,Вермишель,Макаронные изделия,12,0.59,7.08
2023-03-26,Гречка,Крупы,3,2.39,7.17
2023-03-26,Крендель,Хлебобулочные изделия,8,0.91,7.28
2023-03-26,Апельсины,Фрукты,10,3.14,31.4
2023-03-26,Вермишель,Макаронные изделия,5,1.67,8.35
2023-03-26,Батон,Хлебобулочные изделия,9,4.23,38.07
2023-03-26,Рис,Крупы,20,3.42,68.4
2023-03-26,Кефир,Молочные продукты,3,2.35,7.05
2023-03-26,Птитим,Макаронные изделия,17,0.96,16.32
2023-03-26,Бриошь,Хлебобулочные изделия,2,3.26,6.52
2023-03-26,Лапша,Макаронные изделия,2,3.54,7.08
2023-03-27,Кефир,Молочные продукты,7,2.47,17.29
2023-03-27,Картофель,Овощи,17,1.07,18.19
2023-03-27,Бриошь,Хлебобулочные изделия,3,2.83,8.49
2023-03-27,Сметана,Молочные продукты,19,4.68,88.92
2023-03-27,Яблоки,Фрукты,5,2.86,14.3
2023-03-27,Яйца,Молочные продукты,13,2.84,36.92
2023-03-27,Вермишель,Макаронные изделия,5,1.44,7.2
2023-03-27,Багет,Хлебобулочные изделия,6,0.71,4.26
2023-03-27,Морковь,Овощи,16,2.88,46.08
2023-03-27,Бриошь,Хлебобулочные изделия,2,3.87,7.74
2023-03-27,Яблоки,Фрукты,6,3.62,21.72
2023-03-27,Перловка,Крупы,9,3.78,34.02
2023-03-27,Вермишель,Макаронные изделия,15,2.44,36.6
2023-03-27,Батон,Хлебобулочные изделия,16,1.53,24.48
2023-03-27,Лапша,Макаронные изделия,15,0.51,7.65
2023-03-27,Лапша,Макаронные изделия,18,1.97,35.46
2023-03-27,Сметана,Молочные продукты,8,3.8,30.4
2023-03-27,Яйца,Молочные продукты,11,4.25,46.75
2023-03-27,Морковь,Овощи,13,4.79,62.27
2023-03-27,Картофель,Овощи,8,4.37,34.96
2023-03-27,Кефир,Молочные продукты,4,4.72,18.88
2023-03-27,Рис,Крупы,17,4.69,79.73
2023-03-27,Батон,Хлебобулочные изделия,17,2.77,47.09
2023-03-27,Яйца,Молочные продукты,19,2.41,45.79
2023-03-27,Рис,Крупы,10,1.95,19.5
2023-03-27,Молоко,Молочные продукты,1,2.87,2.87
2023-03-27,Батон,Хлебобулочные изделия,14,1.27,17.78
2023-03-27,Гречка,Крупы,6,4.82,28.92
2023-03-27,Бананы,Фрукты,1,3.48,3.48
2023-03-28,Бриошь,Хлебобулочные изделия,13,2.71,35.23
2023-03-28,Морковь,Овощи,4,1.92,7.68
2023-03-28,Батон,Хлебобулочные изделия,14,4.91,68.74
2023-03-28,Апельсины,Фрукты,9,1.54,13.86
2023-03-28,Вермишель,Макаронные изделия,8,3.75,30.0
2023-03-28,Картофель,Овощи,7,3.36,23.52
2023-03-28,Крендель,Хлебобулочные изделия,10,3.58,35.8
2023-03-28,Картофель,Овощи,9,0.55,4.95
2023-03-28,Перловка,Крупы,4,1.94,7.76
2023-03-28,Батон,Хлебобулочные изделия,9,2.97,26.73
2023-03-28,Крендель,Хлебобулочные изделия,4,4.36,17.44
2023-03-29,Яблоки,Фрукты,7,3.22,22.54
2023-03-29,Бриошь,Хлебобулочные изделия,1,2.11,2.11
2023-03-29,Бриошь,Хлебобулочные изделия,11,2.56,28.16
2023-03-29,Йогурт,Молочные продукты,8,3.25,26.0
2023-03-29,Апельсины,Фрукты,15,0.81,12.15
2023-03-29,Вермишель,Макаронные изделия,6,2.78,16.68
2023-03-29,Картофель,Овощи,16,0.73,11.68
2023-03-29,Яйца,Молочные продукты,1,3.62,3.62
2023-03-29,Лапша,Макаронные изделия,12,5.0,60.0
2023-03-29,Яблоки,Фрукты,6,3.03,18.18
2023-03-29,Вермишель,Макаронные изделия,1,2.11,2.11
2023-03-29,Морковь,Овощи,11,1.29,14.19
2023-03-29,Яйца,Молочные продукты,1,2.99,2.99
2023-03-29,Яйца,Молочные продукты,2,0.92,1.84
2023-03-29,Яблоки,Фрукты,20,0.85,17.0
2023-03-29,Багет,Хлебобулочные изделия,17,3.08,52.36
2023-03-29,Редис,Овощи,1,2.6,2.6
2023-03-29,Картофель,Овощи,6,2.43,14.58
2023-03-29,Батон,Хлебобулочные изделия,16,4.09,65.44
2023-03-29,Молоко,Молочные продукты,13,1.41,18.33
2023-03-29,Бриошь,Хлебобулочные изделия,13,1.23,15.99
2023-03-29,Бриошь,Хлебобулочные изделия,6,1.16,6.96
2023-03-29,Птитим,Макаронные изделия,17,0.81,13.77
2023-03-29,Птитим,Макаронные изделия,17,3.56,60.52
2023-03-30,Перловка,Крупы,14,1.53,21.42
2023-03-30,Крендель,Хлебобулочные изделия,3,3.38,10.14
2023-03-30,Сметана,Молочные продукты,12,2.78,33.36
2023-03-30,Бриошь,Хлебобулочные изделия,15,3.7,55.5
2023-03-30,Сметана,Молочные продукты,17,4.84,82.28
2023-03-30,Кефир,Молочные продукты,15,1.03,15.45
2023-03-30,Перловка,Крупы,10,3.92,39.2
2023-03-30,Вермишель,Макаронные изделия,8,2.25,18.0
2023-03-30,Кефир,Молочные продукты,8,3.18,25.44
2023-03-30,Бриошь,Хлебобулочные изделия,7,4.84,33.88
2023-03-30,Сметана,Молочные продукты,7,4.15,29.05
2023-03-30,Перловка,Крупы,7,3.61,25.27
2023-03-30,Батон,Хлебобулочные изделия,11,3.29,36.19
2023-03-30,Рис,Крупы,18,1.72,30.96
2023-03-30,Перловка,Крупы,15,2.59,38.85
2023-03-30,Йогурт,Молочные продукты,11,1.08,11.88
2023-03-30,Бананы,Фрукты,11,0.83,9.13
2023-03-30,Йогурт,Молочные продукты,1,1.88,1.88
2023-03-30,Крендель,Хлебобулочные изделия,8,1.03,8.24
2023-03-30,Йогурт,Молочные продукты,8,1.74,13.92
2023-03-30,Лапша,Макаронные изделия,16,3.37,53.92
2023-03-30,Вермишель,Макаронные изделия,7,0.51,3.57
2023-03-30,Морковь,Овощи,1,3.48,3.48
2023-03-30,Гречка,Крупы,19,1.65,31.35
2023-03-30,Птитим,Макаронные изделия,12,1.86,22.32
2023-03-30,Рис,Крупы,12,2.72,32.64
2023-03-31,Кефир,Молочные продукты,20,4.34,86.8
2023-03-31,Апельсины,Фрукты,8,1.46,11.68
2023-03-31,Батон,Хлебобулочные изделия,2,0.88,1.76
2023-03-31,Крендель,Хлебобулочные изделия,14,5.0,70.0
2023-03-31,Молоко,Молочные продукты,1,3.63,3.63
2023-03-31,Птитим,Макаронные изделия,17,1.52,25.84
2023-03-31,Крендель,Хлебобулочные изделия,11,2.33,25.63
2023-03-31,Рис,Крупы,12,3.23,38.76
2023-03-31,Яблоки,Фрукты,19,1.04,19.76
2023-03-31,Апельсины,Фрукты,11,4.46,49.06
2023-03-31,Багет,Хлебобулочные изделия,18,1.3,23.4
2023-03-31,Вермишель,Макаронные изделия,5,4.51,22.55
2023-03-31,Батон,Хлебобулочные изделия,16,3.83,61.28
2023-04-01,Сметана,Молочные продукты,1,0.9,0.9
2023-04-01,Редис,Овощи,15,3.86,57.9
2023-04-01,Яблоки,Фрукты,18,4.3,77.4
2023-04-01,Яблоки,Фрукты,7,1.54,10.78
2023-04-01,Лапша,Макаронные изделия,10,1.7,17.0
2023-04-01,Сметана,Молочные продукты,9,1.7,15.3
2023-04-01,Йогурт,Молочные продукты,1,2.17,2.17
2023-04-01,Редис,Овощи,2,2.32,4.64
2023-04-01,Бриошь,Хлебобулочные изделия,10,4.46,44.6
2023-04-01,Кефир,Молочные продукты,12,3.98,47.76
2023-04-01,Рис,Крупы,19,1.15,21.85
2023-04-02,Гречка,Крупы,16,1.88,30.08
2023-04-02,Йогурт,Молочные продукты,15,3.43,51.45
2023-04-02,Бриошь,Хлебобулочные изделия,11,2.35,25.85
2023-04-02,Крендель,Хлебобулочные изделия,2,0.84,1.68
2023-04-02,Редис,Овощи,19,2.19,41.61
2023-04-02,Багет,Хлебобулочные изделия,7,2.22,15.54
2023-04-02,Яйца,Молочные продукты,1,4.94,4.94
2023-04-02,Морковь,Овощи,19,0.87,16.53
2023-04-02,Апельсины,Фрукты,5,2.78,13.9
2023-04-02,Перловка,Крупы,14,3.91,54.74
2023-04-02,Кефир,Молочные продукты,6,4.31,25.86
2023-04-02,Перловка,Крупы,9,3.37,30.33
2023-04-02,Батон,Хлебобулочные изделия,9,2.69,24.21
2023-04-02,Перловка,Крупы,20,3.09,61.8
2023-04-02,Лапша,Макаронные изделия,20,1.8,36.0
2023-04-02,Перловка,Крупы,2,2.99,5.98
2023-04-02,Птитим,Макаронные изделия,7,0.67,4.69
2023-04-02,Птитим,Макаронные изделия,18,2.92,52.56
2023-04-02,Крендель,Хлебобулочные изделия,10,1.56,15.6
2023-04-02,Апельсины,Фрукты,17,3.3,56.1
2023-04-02,Морковь,Овощи,1,2.87,2.87
2023-04-02,Яблоки,Фрукты,7,1.16,8.12
2023-04-02,Апельсины,Фрукты,18,1.25,22.5
2023-04-02,Сметана,Молочные продукты,4,4.45,17.8
2023-04-02,Птитим,Макаронные изделия,8,4.07,32.56
2023-04-03,Бриошь,Хлебобулочные изделия,5,2.19,10.95
2023-04-03,Бананы,Фрукты,1,4.0,4.0
2023-04-03,Птитим,Макаронные изделия,1,2.4,2.4
2023-04-03,Морковь,Овощи,12,2.38,28.56
2023-04-03,Яблоки,Фрукты,20,0.92,18.4
2023-04-03,Перловка,Крупы,11,1.27,13.97
2023-04-03,Редис,Овощи,14,4.29,60.06
2023-04-03,Апельсины,Фрукты,9,3.87,34.83
2023-04-03,Апельсины,Фрукты,4,2.62,10.48
2023-04-03,Батон,Хлебобулочные изделия,5,2.86,14.3
2023-04-03,Вермишель,Макаронные изделия,3,3.24,9.72
2023-04-03,Яйца,Молочные продукты,3,2.19,6.57
2023-04-03,Вермишель,Макаронные изделия,20,1.46,29.2
2023-04-03,Крендель,Хлебобулочные изделия,8,1.4,11.2
2023-04-03,Редис,Овощи,9,1.27,11.43
2023-04-03,Батон,Хлебобулочные изделия,3,2.01,6.03
2023-04-03,Лапша,Макаронные изделия,10,0.67,6.7
2023-04-03,Молоко,Молочные продукты,12,1.27,15.24
2023-04-03,Перловка,Крупы,9,2.72,24.48
2023-04-03,Молоко,Молочные продукты,1,3.14,3.14
2023-04-04,Бриошь,Хлебобулочные изделия,6,3.64,21.84
2023-04-04,Апельсины,Фрукты,16,3.65,58.4
2023-04-04,Картофель,Овощи,6,2.95,17.7
2023-04-04,Морковь,Овощи,4,3.59,14.36
2023-04-04,Редис,Овощи,3,2.42,7.26
2023-04-04,Кефир,Молочные продукты,2,0.57,1.14
2023-04-04,Апельсины,Фрукты,11,3.62,39.82
2023-04-04,Сметана,Молочные продукты,5,1.01,5.05
2023-04-04,Морковь,Овощи,1,0.77,0.77
2023-04-04,Перловка,Крупы,19,2.09,39.71
2023-04-04,Апельсины,Фрукты,13,1.32,17.16
2023-04-04,Птитим,Макаронные изделия,3,4.3,12.9
2023-04-05,Картофель,Овощи,12,4.19,50.28
2023-04-05,Редис,Овощи,12,1.33,15.96
2023-04-05,Редис,Овощи,13,0.88,11.44
2023-04-05,Багет,Хлебобулочные изделия,2,4.91,9.82
2023-04-05,Гречка,Крупы,18,4.75,85.5
2023-04-05,Яйца,Молочные продукты,11,2.09,22.99
2023-04-05,Крендель,Хлебобулочные изделия,18,3.62,65.16
2023-04-05,Бриошь,Хлебобулочные изделия,17,3.62,61.54
2023-04-05,Молоко,Молочные продукты,19,0.63,11.97
2023-04-05,Крендель,Хлебобулочные изделия,2,3.53,7.06
2023-04-05,Птитим,Макаронные изделия,10,2.43,24.3
2023-04-05,Яйца,Молочные продукты,4,4.82,19.28
2023-04-05,Крендель,Хлебобулочные изделия,12,1.3,15.6
2023-04-05,Кефир,Молочные продукты,11,4.4,48.4
2023-04-05,Гречка,Крупы,11,3.66,40.26
2023-04-05,Перловка,Крупы,16,2.75,44.0
2023-04-05,Кефир,Молочные продукты,16,4.49,71.84
2023-04-05,Бриошь,Хлебобулочные изделия,3,3.31,9.93
2023-04-06,Морковь,Овощи,18,2.82,50.76
2023-04-06,Редис,Овощи,15,3.62,54.3
2023-04-06,Вермишель,Макаронные изделия,4,2.48,9.92
2023-04-06,Морковь,Овощи,5,1.12,5.6
2023-04-06,Яблоки,Фрукты,3,4.5,13.5
2023-04-06,Лапша,Макаронные изделия,16,1.01,16.16
2023-04-06,Птитим,Макаронные изделия,6,2.34,14.04
2023-04-06,Бананы,Фрукты,13,3.42,44.46
2023-04-06,Яблоки,Фрукты,5,0.76,3.8
2023-04-06,Яйца,Молочные продукты,19,4.0,76.0
2023-04-06,Бананы,Фрукты,17,2.45,41.65
2023-04-06,Редис,Овощи,12,3.67,44.04
2023-04-06,Рис,Крупы,3,3.19,9.57
2023-04-06,Кефир,Молочные продукты,7,1.41,9.87
2023-04-07,Вермишель,Макаронные изделия,17,4.24,72.08
2023-04-07,Редис,Овощи,2,3.05,6.1
2023-04-07,Сметана,Молочные продукты,4,4.09,16.36
2023-04-07,Птитим,Макаронные изделия,2,0.68,1.36
2023-04-07,Батон,Хлебобулочные изделия,5,3.69,18.45
2023-04-07,Лапша,Макаронные изделия,6,2.59,15.54
2023-04-07,Редис,Овощи,8,1.8,14.4
2023-04-07,Морковь,Овощи,18,2.93,52.74
2023-04-07,Редис,Овощи,8,3.82,30.56
2023-04-07,Птитим,Макаронные изделия,12,1.44,17.28
2023-04-08,Морковь,Овощи,7,3.41,23.87
2023-04-08,Морковь,Овощи,20,1.37,27.4
2023-04-08,Молоко,Молочные продукты,4,4.42,17.68
2023-04-08,Гречка,Крупы,3,1.82,5.46
2023-04-08,Йогурт,Молочные продукты,8,4.89,39.12
2023-04-08,Крендель,Хлебобулочные изделия,14,3.48,48.72
2023-04-08,Апельсины,Фрукты,6,1.57,9.42
2023-04-08,Багет,Хлебобулочные изделия,10,3.83,38.3
2023-04-08,Йогурт,Молочные продукты,12,3.66,43.92
2023-04-08,Бриошь,Хлебобулочные изделия,6,3.49,20.94
2023-04-08,Багет,Хлебобулочные изделия,11,1.04,11.44
2023-04-08,Сметана,Молочные продукты,16,1.49,23.84
2023-04-08,Апельсины,Фрукты,4,3.33,13.32
2023-04-08,Бананы,Фрукты,9,2.02,18.18
2023-04-08,Яйца,Молочные продукты,8,3.55,28.4
2023-04-08,Перловка,Крупы,6,2.05,12.3
2023-04-08,Рис,Крупы,9,3.58,32.22
2023-04-08,Йогурт,Молочные продукты,14,0.6,8.4
2023-04-08,Апельсины,Фрукты,19,0.66,12.54
2023-04-08,Багет,Хлебобулочные изделия,5,4.9,24.5
2023-04-08,Бананы,Фрукты,18,2.19,39.42
2023-04-09,Яблоки,Фрукты,20,4.57,91.4
2023-04-09,Птитим,Макаронные изделия,12,2.94,35.28
2023-04-09,Перловка,Крупы,16,4.35,69.6
2023-04-09,Молоко,Молочные продукты,11,0.81,8.91
2023-04-09,Рис,Крупы,10,2.56,25.6
2023-04-09,Батон,Хлебобулочные изделия,15,1.82,27.3
2023-04-09,Яблоки,Фрукты,7,2.57,17.99
2023-04-09,Бриошь,Хлебобулочные изделия,10,3.27,32.7
2023-04-09,Молоко,Молочные продукты,20,2.59,51.8
2023-04-09,Бананы,Фрукты,10,2.02,20.2
2023-04-09,Морковь,Овощи,15,3.48,52.2
2023-04-09,Батон,Хлебобулочные изделия,9,4.35,39.15
2023-04-09,Птитим,Макаронные изделия,8,1.95,15.6
2023-04-09,Птитим,Макаронные изделия,12,4.02,48.24
2023-04-09,Багет,Хлебобулочные изделия,12,1.51,18.12
2023-04-09,Крендель,Хлебобулочные изделия,8,3.37,26.96
2023-04-09,Вермишель,Макаронные изделия,2,4.67,9.34
2023-04-09,Багет,Хлебобулочные изделия,2,3.84,7.68
2023-04-09,Бананы,Фрукты,16,0.69,11.04
2023-04-09,Бриошь,Хлебобулочные изделия,11,2.26,24.86
2023-04-09,Лапша,Макаронные изделия,15,0.79,11.85
2023-04-09,Вермишель,Макаронные изделия,19,2.98,56.62
2023-04-09,Бананы,Фрукты,7,1.99,13.93
2023-04-09,Яйца,Молочные продукты,5,2.5,12.5
2023-04-09,Редис,Овощи,12,4.24,50.88
2023-04-09,Гречка,Крупы,8,1.38,11.04
2023-04-09,Батон,Хлебобулочные изделия,16,3.16,50.56
2023-04-09,Редис,Овощи,4,3.87,15.48
2023-04-10,Редис,Овощи,3,4.61,13.83
2023-04-10,Молоко,Молочные продукты,4,2.75,11.0
2023-04-10,Багет,Хлебобулочные изделия,17,3.47,58.99
2023-04-10,Сметана,Молочные продукты,5,3.73,18.65
2023-04-10,Картофель,Овощи,12,4.63,55.56
2023-04-10,Морковь,Овощи,7,1.2,8.4
2023-04-10,Морковь,Овощи,9,4.02,36.18
2023-04-10,Морковь,Овощи,12,3.73,44.76
2023-04-10,Крендель,Хлебобулочные изделия,6,3.83,22.98
2023-04-10,Редис,Овощи,12,0.85,10.2
2023-04-10,Бананы,Фрукты,4,3.12,12.48
2023-04-10,Рис,Крупы,4,3.15,12.6
2023-04-11,Гречка,Крупы,6,1.37,8.22
2023-04-11,Багет,Хлебобулочные изделия,1,1.35,1.35
2023-04-11,Перловка,Крупы,19,1.75,33.25
2023-04-11,Сметана,Молочные продукты,4,1.56,6.24
2023-04-11,Апельсины,Фрукты,12,2.44,29.28
2023-04-11,Крендель,Хлебобулочные изделия,19,4.94,93.86
2023-04-11,Перловка,Крупы,7,3.08,21.56
2023-04-11,Йогурт,Молочные продукты,4,0.8,3.2
2023-04-11,Яблоки,Фрукты,14,2.85,39.9
2023-04-11,Яйца,Молочные продукты,13,4.88,63.44
2023-04-11,Лапша,Макаронные изделия,1,1.84,1.84
2023-04-11,Крендель,Хлебобулочные изделия,16,3.12,49.92
2023-04-11,Молоко,Молочные продукты,8,4.42,35.36
2023-04-11,Картофель,Овощи,15,1.11,16.65
2023-04-12,Картофель,Овощи,8,3.75,30.0
2023-04-12,Редис,Овощи,19,4.43,84.17
2023-04-12,Яблоки,Фрукты,7,4.76,33.32
2023-04-12,Яблоки,Фрукты,7,3.44,24.08
2023-04-12,Батон,Хлебобулочные изделия,16,4.28,68.48
2023-04-12,Бриошь,Хлебобулочные изделия,17,3.32,56.44
2023-04-12,Лапша,Макаронные изделия,14,3.5,49.0
2023-04-12,Апельсины,Фрукты,11,1.0,11.0
2023-04-12,Птитим,Макаронные изделия,11,4.47,49.17
2023-04-12,Рис,Крупы,10,4.92,49.2
2023-04-13,Гречка,Крупы,12,2.83,33.96
2023-04-13,Молоко,Молочные продукты,13,1.96,25.48
2023-04-13,Перловка,Крупы,13,2.6,33.8
2023-04-13,Бананы,Фрукты,12,4.21,50.52
2023-04-13,Бриошь,Хлебобулочные изделия,9,3.4,30.6
2023-04-13,Морковь,Овощи,9,2.59,23.31
2023-04-13,Сметана,Молочные продукты,18,1.55,27.9
2023-04-13,Вермишель,Макаронные изделия,17,0.71,12.07
2023-04-13,Рис,Крупы,3,0.87,2.61
2023-04-13,Крендель,Хлебобулочные изделия,11,4.56,50.16
2023-04-13,Лапша,Макаронные изделия,19,3.72,70.68
2023-04-13,Гречка,Крупы,5,4.63,23.15
2023-04-13,Апельсины,Фрукты,2,1.72,3.44
2023-04-13,Яблоки,Фрукты,18,2.16,38.88
2023-04-13,Вермишель,Макаронные изделия,20,4.09,81.8
2023-04-13,Бананы,Фрукты,14,3.73,52.22
2023-04-13,Яблоки,Фрукты,12,1.58,18.96
2023-04-13,Птитим,Макаронные изделия,12,2.21,26.52
2023-04-14,Рис,Крупы,18,3.92,70.56
2023-04-14,Лапша,Макаронные изделия,4,4.39,17.56
2023-04-14,Лапша,Макаронные изделия,12,1.47,17.64
2023-04-14,Сметана,Молочные продукты,19,2.1,39.9
2023-04-14,Лапша,Макаронные изделия,16,1.55,24.8
2023-04-14,Апельсины,Фрукты,13,3.0,39.0
2023-04-14,Кефир,Молочные продукты,4,2.4,9.6
2023-04-14,Молоко,Молочные продукты,19,0.93,17.67
2023-04-14,Йогурт,Молочные продукты,15,1.38,20.7
2023-04-14,Яйца,Молочные продукты,7,2.38,16.66
2023-04-14,Редис,Овощи,1,0.92,0.92
2023-04-14,Картофель,Овощи,6,4.39,26.34
2023-04-14,Яблоки,Фрукты,10,1.07,10.7
2023-04-14,Кефир,Молочные продукты,20,4.03,80.6
2023-04-14,Морковь,Овощи,3,3.58,10.74
2023-04-14,Рис,Крупы,16,1.39,22.24
2023-04-14,Бриошь,Хлебобулочные изделия,15,3.14,47.1
2023-04-14,Гречка,Крупы,17,2.25,38.25
2023-04-14,Бриошь,Хлебобулочные изделия,17,3.5,59.5
2023-04-14,Кефир,Молочные продукты,17,3.76,63.92
2023-04-14,Апельсины,Фрукты,4,2.81,11.24
2023-04-14,Бриошь,Хлебобулочные изделия,10,1.01,10.1
2023-04-14,Лапша,Макаронные изделия,8,2.14,17.12
2023-04-14,Крендель,Хлебобулочные изделия,18,0.83,14.94
2023-04-14,Батон,Хлебобулочные изделия,17,1.9,32.3
2023-04-15,Багет,Хлебобулочные изделия,6,3.71,22.26
2023-04-15,Крендель,Хлебобулочные изделия,12,2.49,29.88
2023-04-15,Бананы,Фрукты,15,4.81,72.15
2023-04-15,Сметана,Молочные продукты,12,4.21,50.52
2023-04-15,Багет,Хлебобулочные изделия,12,3.22,38.64
2023-04-15,Апельсины,Фрукты,2,3.82,7.64
2023-04-15,Лапша,Макаронные изделия,19,4.66,88.54
2023-04-15,Бананы,Фрукты,7,1.23,8.61
2023-04-15,Бананы,Фрукты,8,1.35,10.8
2023-04-15,Перловка,Крупы,14,3.7,51.8
2023-04-15,Молоко,Молочные продукты,7,1.33,9.31
2023-04-15,Бананы,Фрукты,4,3.44,13.76
2023-04-15,Птитим,Макаронные изделия,10,3.43,34.3
2023-04-15,Морковь,Овощи,19,2.51,47.69
2023-04-15,Сметана,Молочные продукты,9,2.6,23.4
2023-04-15,Картофель,Овощи,20,1.59,31.8
2023-04-15,Редис,Овощи,3,3.37,10.11
2023-04-15,Бриошь,Хлебобулочные изделия,14,2.85,39.9
2023-04-15,Апельсины,Фрукты,20,2.72,54.4
2023-04-15,Перловка,Крупы,13,1.81,23.53
2023-04-15,Лапша,Макаронные изделия,19,4.11,78.09
2023-04-15,Яблоки,Фрукты,11,2.93,32.23
2023-04-16,Лапша,Макаронные изделия,7,3.89,27.23
2023-04-16,Багет,Хлебобулочные изделия,8,4.59,36.72
2023-04-16,Морковь,Овощи,18,4.97,89.46
2023-04-16,Птитим,Макаронные изделия,9,1.7,15.3
2023-04-16,Йогурт,Молочные продукты,6,0.96,5.76
2023-04-16,Морковь,Овощи,3,1.66,4.98
2023-04-16,Яйца,Молочные продукты,19,2.23,42.37
2023-04-16,Сметана,Молочные продукты,4,3.64,14.56
2023-04-16,Перловка,Крупы,4,4.88,19.52
2023-04-16,Крендель,Хлебобулочные изделия,16,1.73,27.68
2023-04-16,Морковь,Овощи,16,3.85,61.6
2023-04-16,Рис,Крупы,7,4.73,33.11
2023-04-16,Морковь,Овощи,9,3.93,35.37
2023-04-16,Лапша,Макаронные изделия,16,4.29,68.64
2023-04-16,Багет,Хлебобулочные изделия,4,3.47,13.88
2023-04-16,Батон,Хлебобулочные изделия,1,2.14,2.14
2023-04-16,Сметана,Молочные продукты,20,0.76,15.2
2023-04-16,Кефир,Молочные продукты,6,2.66,15.96
2023-04-16,Багет,Хлебобулочные изделия,7,3.12,21.84
2023-04-16,Рис,Крупы,19,0.67,12.73
2023-04-17,Бананы,Фрукты,7,1.47,10.29
2023-04-17,Бриошь,Хлебобулочные изделия,4,1.93,7.72
2023-04-17,Кефир,Молочные продукты,14,4.8,67.2
2023-04-17,Гречка,Крупы,5,4.11,20.55
2023-04-17,Багет,Хлебобулочные изделия,1,0.71,0.71
2023-04-17,Молоко,Молочные продукты,11,2.74,30.14
2023-04-17,Йогурт,Молочные продукты,13,2.5,32.5
2023-04-17,Молоко,Молочные продукты,12,4.52,54.24
2023-04-17,Морковь,Овощи,2,2.44,4.88
2023-04-17,Гречка,Крупы,15,3.76,56.4
2023-04-17,Бананы,Фрукты,3,5.0,15.0
2023-04-18,Крендель,Хлебобулочные изделия,17,4.86,82.62
2023-04-18,Молоко,Молочные продукты,11,4.42,48.62
2023-04-18,Гречка,Крупы,13,2.03,26.39
2023-04-18,Рис,Крупы,20,3.89,77.8
2023-04-18,Лапша,Макаронные изделия,7,1.24,8.68
2023-04-18,Морковь,Овощи,12,1.79,21.48
2023-04-18,Молоко,Молочные продукты,5,4.46,22.3
2023-04-18,Перловка,Крупы,1,1.13,1.13
2023-04-18,Морковь,Овощи,10,1.2,12.0
2023-04-18,Йогурт,Молочные продукты,2,1.92,3.84
2023-04-18,Сметана,Молочные продукты,10,3.9,39.0
2023-04-18,Птитим,Макаронные изделия,17,2.51,42.67
2023-04-18,Картофель,Овощи,20,3.59,71.8
2023-04-18,Батон,Хлебобулочные изделия,4,2.99,11.96
2023-04-18,Багет,Хлебобулочные изделия,19,2.8,53.2
2023-04-18,Крендель,Хлебобулочные изделия,4,4.69,18.76
2023-04-18,Картофель,Овощи,2,4.59,9.18
2023-04-18,Багет,Хлебобулочные изделия,20,2.38,47.6
2023-04-18,Птитим,Макаронные изделия,3,3.35,10.05
2023-04-18,Йогурт,Молочные продукты,12,3.37,40.44
2023-04-18,Перловка,Крупы,2,2.23,4.46
2023-04-18,Бриошь,Хлебобулочные изделия,11,1.61,17.71
2023-04-18,Перловка,Крупы,15,1.06,15.9
2023-04-18,Яблоки,Фрукты,6,2.45,14.7
2023-04-18,Гречка,Крупы,15,4.18,62.7
2023-04-18,Рис,Крупы,1,2.34,2.34
2023-04-19,Редис,Овощи,7,0.5,3.5
2023-04-19,Вермишель,Макаронные изделия,14,1.44,20.16
2023-04-19,Багет,Хлебобулочные изделия,13,2.98,38.74
2023-04-19,Бриошь,Хлебобулочные изделия,4,0.57,2.28
2023-04-19,Батон,Хлебобулочные изделия,19,3.75,71.25
2023-04-19,Картофель,Овощи,16,0.65,10.4
2023-04-19,Вермишель,Макаронные изделия,11,2.11,23.21
2023-04-19,Картофель,Овощи,14,1.37,19.18
2023-04-19,Крендель,Хлебобулочные изделия,2,1.15,2.3
2023-04-19,Яйца,Молочные продукты,10,3.53,35.3
2023-04-19,Картофель,Овощи,16,4.29,68.64
2023-04-19,Багет,Хлебобулочные изделия,4,2.66,10.64
2023-04-19,Бананы,Фрукты,19,0.73,13.87
2023-04-19,Морковь,Овощи,5,3.81,19.05
2023-04-20,Редис,Овощи,7,3.85,26.95
2023-04-20,Багет,Хлебобулочные изделия,6,0.64,3.84
2023-04-20,Редис,Овощи,3,3.03,9.09
2023-04-20,Вермишель,Макаронные изделия,13,4.02,52.26
2023-04-20,Кефир,Молочные продукты,1,1.46,1.46
2023-04-20,Апельсины,Фрукты,20,3.9,78.0
2023-04-20,Перловка,Крупы,14,3.99,55.86
2023-04-20,Молоко,Молочные продукты,1,1.59,1.59
2023-04-20,Картофель,Овощи,8,2.84,22.72
2023-04-20,Вермишель,Макаронные изделия,1,2.31,2.31
2023-04-20,Батон,Хлебобулочные изделия,13,1.67,21.71
2023-04-20,Йогурт,Молочные продукты,2,3.55,7.1
2023-04-20,Морковь,Овощи,4,2.3,9.2
2023-04-20,Апельсины,Фрукты,18,4.44,79.92
2023-04-20,Лапша,Макаронные изделия,2,1.21,2.42
2023-04-20,Кефир,Молочные продукты,13,3.56,46.28
2023-04-20,Лапша,Макаронные изделия,20,3.0,60.0
2023-04-20,Апельсины,Фрукты,12,2.77,33.24
2023-04-20,Редис,Овощи,8,0.87,6.96
2023-04-20,Рис,Крупы,6,1.21,7.26
2023-04-20,Молоко,Молочные продукты,3,2.43,7.29
2023-04-20,Батон,Хлебобулочные изделия,19,0.98,18.62
2023-04-20,Крендель,Хлебобулочные изделия,5,4.75,23.75
2023-04-20,Гречка,Крупы,7,3.13,21.91
2023-04-20,Гречка,Крупы,9,4.07,36.63
2023-04-20,Крендель,Хлебобулочные изделия,15,4.62,69.3
2023-04-20,Редис,Овощи,4,1.92,7.68
2023-04-21,Бананы,Фрукты,18,3.96,71.28
2023-04-21,Крендель,Хлебобулочные изделия,19,4.7,89.3
2023-04-21,Бананы,Фрукты,13,1.13,14.69
2023-04-21,Багет,Хлебобулочные изделия,3,4.4,13.2
2023-04-21,Бриошь,Хлебобулочные изделия,19,4.25,80.75
2023-04-21,Рис,Крупы,13,3.23,41.99
2023-04-21,Птитим,Макаронные изделия,8,2.02,16.16
2023-04-21,Йогурт,Молочные продукты,1,4.47,4.47
2023-04-21,Молоко,Молочные продукты,17,1.41,23.97
2023-04-21,Крендель,Хлебобулочные изделия,15,4.48,67.2
2023-04-21,Молоко,Молочные продукты,1,2.68,2.68
2023-04-21,Апельсины,Фрукты,2,3.14,6.28
2023-04-21,Батон,Хлебобулочные изделия,9,2.0,18.0
2023-04-22,Перловка,Крупы,16,2.69,43.04
2023-04-22,Йогурт,Молочные продукты,1,1.35,1.35
2023-04-22,Крендель,Хлебобулочные изделия,10,4.86,48.6
2023-04-22,Апельсины,Фрукты,17,2.4,40.8
2023-04-22,Вермишель,Макаронные изделия,20,4.91,98.2
2023-04-22,Йогурт,Молочные продукты,3,1.27,3.81
2023-04-22,Багет,Хлебобулочные изделия,3,2.82,8.46
2023-04-22,Рис,Крупы,4,3.72,14.88
2023-04-22,Яйца,Молочные продукты,15,3.05,45.75
2023-04-22,Бриошь,Хлебобулочные изделия,4,4.04,16.16
2023-04-22,Птитим,Макаронные изделия,19,4.35,82.65
2023-04-23,Гречка,Крупы,5,1.69,8.45
2023-04-23,Лапша,Макаронные изделия,15,0.83,12.45
2023-04-23,Гречка,Крупы,10,0.93,9.3
2023-04-23,Кефир,Молочные продукты,20,1.83,36.6
2023-04-23,Гречка,Крупы,12,4.69,56.28
2023-04-23,Яблоки,Фрукты,20,1.57,31.4
2023-04-23,Вермишель,Макаронные изделия,11,4.39,48.29
2023-04-23,Лапша,Макаронные изделия,1,4.04,4.04
2023-04-23,Молоко,Молочные продукты,15,2.51,37.65
2023-04-23,Молоко,Молочные продукты,16,4.04,64.64
2023-04-23,Картофель,Овощи,13,2.61,33.93
2023-04-23,Кефир,Молочные продукты,15,4.48,67.2
2023-04-23,Лапша,Макаронные изделия,1,2.38,2.38
2023-04-23,Крендель,Хлебобулочные изделия,8,0.9,7.2
2023-04-23,Батон,Хлебобулочные изделия,1,3.94,3.94
2023-04-23,Рис,Крупы,7,4.24,29.68
2023-04-23,Птитим,Макаронные изделия,12,4.04,48.48
2023-04-23,Птитим,Макаронные изделия,20,1.42,28.4
2023-04-23,Бриошь,Хлебобулочные изделия,11,2.53,27.83
2023-04-23,Кефир,Молочные продукты,17,2.99,50.83
2023-04-23,Картофель,Овощи,7,2.24,15.68
2023-04-23,Вермишель,Макаронные изделия,5,2.09,10.45
2023-04-23,Гречка,Крупы,5,2.67,13.35
2023-04-23,Бананы,Фрукты,9,3.99,35.91
2023-04-23,Батон,Хлебобулочные изделия,1,4.58,4.58
2023-04-23,Птитим,Макаронные изделия,13,1.67,21.71
2023-04-23,Бананы,Фрукты,2,1.84,3.68
2023-04-23,Сметана,Молочные продукты,12,1.27,15.24
2023-04-23,Вермишель,Макаронные изделия,13,3.62,47.06
2023-04-24,Вермишель,Макаронные изделия,20,2.3,46.0
2023-04-24,Бананы,Фрукты,7,2.72,19.04
2023-04-24,Апельсины,Фрукты,4,0.55,2.2
2023-04-24,Багет,Хлебобулочные изделия,15,2.52,37.8
2023-04-24,Птитим,Макаронные изделия,18,4.44,79.92
2023-04-24,Морковь,Овощи,16,2.45,39.2
2023-04-24,Крендель,Хлебобулочные изделия,8,2.85,22.8
2023-04-24,Бананы,Фрукты,10,2.22,22.2
2023-04-24,Бананы,Фрукты,13,1.59,20.67
2023-04-24,Яблоки,Фрукты,8,3.91,31.28
2023-04-24,Вермишель,Макаронные изделия,12,3.41,40.92
2023-04-24,Молоко,Молочные продукты,18,4.03,72.54
2023-04-24,Сметана,Молочные продукты,11,1.82,20.02
2023-04-24,Кефир,Молочные продукты,20,3.46,69.2
2023-04-24,Бананы,Фрукты,19,1.1,20.9
2023-04-24,Молоко,Молочные продукты,4,4.99,19.96
2023-04-25,Морковь,Овощи,16,2.2,35.2
2023-04-25,Йогурт,Молочные продукты,5,2.74,13.7
2023-04-25,Гречка,Крупы,18,0.57,10.26
2023-04-25,Сметана,Молочные продукты,1,0.87,0.87
2023-04-25,Птитим,Макаронные изделия,12,4.93,59.16
2023-04-25,Йогурт,Молочные продукты,9,2.58,23.22
2023-04-25,Морковь,Овощи,14,1.61,22.54
2023-04-25,Птитим,Макаронные изделия,5,4.55,22.75
2023-04-25,Багет,Хлебобулочные изделия,4,0.55,2.2
2023-04-25,Бананы,Фрукты,1,3.06,3.06
2023-04-25,Морковь,Овощи,8,2.02,16.16
2023-04-25,Лапша,Макаронные изделия,11,1.04,11.44
2023-04-25,Бриошь,Хлебобулочные изделия,14,3.45,48.3
2023-04-26,Бананы,Фрукты,20,3.41,68.2
2023-04-26,Гречка,Крупы,9,1.35,12.15
2023-04-26,Рис,Крупы,4,4.41,17.64
2023-04-26,Багет,Хлебобулочные изделия,10,0.99,9.9
2023-04-26,Гречка,Крупы,8,2.71,21.68
2023-04-26,Батон,Хлебобулочные изделия,2,0.94,1.88
2023-04-26,Апельсины,Фрукты,16,2.28,36.48
2023-04-26,Бриошь,Хлебобулочные изделия,9,2.54,22.86
2023-04-26,Йогурт,Молочные продукты,11,3.94,43.34
2023-04-26,Молоко,Молочные продукты,17,2.08,35.36
2023-04-27,Морковь,Овощи,6,0.81,4.86
2023-04-27,Апельсины,Фрукты,14,2.53,35.42
2023-04-27,Картофель,Овощи,18,3.65,65.7
2023-04-27,Гречка,Крупы,1,3.83,3.83
2023-04-27,Батон,Хлебобулочные изделия,20,1.05,21.0
2023-04-27,Яйца,Молочные продукты,19,4.87,92.53
2023-04-27,Гречка,Крупы,4,4.82,19.28
2023-04-27,Бананы,Фрукты,3,3.05,9.15
2023-04-27,Яблоки,Фрукты,9,2.11,18.99
2023-04-27,Перловка,Крупы,19,2.0,38.0
2023-04-27,Птитим,Макаронные изделия,18,3.18,57.24
2023-04-27,Батон,Хлебобулочные изделия,13,1.55,20.15
2023-04-27,Лапша,Макаронные изделия,2,1.82,3.64
2023-04-27,Гречка,Крупы,7,4.58,32.06
2023-04-27,Кефир,Молочные продукты,19,1.78,33.82
2023-04-27,Яйца,Молочные продукты,4,0.71,2.84
2023-04-27,Батон,Хлебобулочные изделия,12,2.18,26.16
2023-04-27,Птитим,Макаронные изделия,1,0.81,0.81
2023-04-27,Рис,Крупы,19,1.27,24.13
2023-04-27,Гречка,Крупы,19,1.3,24.7
2023-04-27,Вермишель,Макаронные изделия,4,2.18,8.72
2023-04-27,Морковь,Овощи,16,4.26,68.16
2023-04-27,Перловка,Крупы,10,3.25,32.5
2023-04-28,Картофель,Овощи,20,2.99,59.8
2023-04-28,Рис,Крупы,9,4.47,40.23
2023-04-28,Кефир,Молочные продукты,4,1.38,5.52
2023-04-28,Молоко,Молочные продукты,20,0.53,10.6
2023-04-28,Кефир,Молочные продукты,20,2.94,58.8
2023-04-28,Йогурт,Молочные продукты,7,4.31,30.17
2023-04-28,Крендель,Хлебобулочные изделия,18,4.79,86.22
2023-04-28,Сметана,Молочные продукты,1,2.99,2.99
2023-04-28,Кефир,Молочные продукты,14,1.57,21.98
2023-04-28,Молоко,Молочные продукты,5,4.77,23.85
2023-04-28,Лапша,Макаронные изделия,5,4.78,23.9
2023-04-28,Вермишель,Макаронные изделия,5,4.65,23.25
2023-04-28,Апельсины,Фрукты,5,2.62,13.1
2023-04-28,Батон,Хлебобулочные изделия,9,1.83,16.47
2023-04-28,Птитим,Макаронные изделия,12,0.77,9.24
2023-04-28,Кефир,Молочные продукты,13,2.95,38.35
2023-04-28,Вермишель,Макаронные изделия,9,4.52,40.68
2023-04-28,Яблоки,Фрукты,8,3.16,25.28
2023-04-28,Батон,Хлебобулочные изделия,11,1.64,18.04
2023-04-28,Крендель,Хлебобулочные изделия,4,3.11,12.44
2023-04-29,Морковь,Овощи,4,3.29,13.16
2023-04-29,Молоко,Молочные продукты,4,4.82,19.28
2023-04-29,Сметана,Молочные продукты,6,0.57,3.42
2023-04-29,Йогурт,Молочные продукты,7,2.64,18.48
2023-04-29,Йогурт,Молочные продукты,8,2.94,23.52
2023-04-29,Вермишель,Макаронные изделия,7,3.47,24.29
2023-04-29,Перловка,Крупы,11,4.4,48.4
2023-04-29,Вермишель,Макаронные изделия,15,2.49,37.35
2023-04-29,Рис,Крупы,15,2.15,32.25
2023-04-29,Вермишель,Макаронные изделия,3,0.66,1.98
2023-04-29,Картофель,Овощи,13,2.81,36.53
2023-04-29,Йогурт,Молочные продукты,12,2.96,35.52
2023-04-29,Бриошь,Хлебобулочные изделия,14,2.53,35.42
2023-04-29,Вермишель,Макаронные изделия,14,3.44,48.16
2023-04-29,Лапша,Макаронные изделия,2,3.71,7.42
2023-04-29,Сметана,Молочные продукты,6,3.06,18.36
2023-04-29,Апельсины,Фрукты,4,2.57,10.28
2023-04-30,Яблоки,Фрукты,12,3.55,42.6
2023-04-30,Картофель,Овощи,19,4.47,84.93
2023-04-30,Бриошь,Хлебобулочные изделия,6,1.51,9.06
2023-04-30,Бриошь,Хлебобулочные изделия,18,2.75,49.5
2023-04-30,Вермишель,Макаронные изделия,20,2.49,49.8
2023-04-30,Гречка,Крупы,6,3.65,21.9
2023-04-30,Яблоки,Фрукты,4,1.8,7.2
2023-04-30,Лапша,Макаронные изделия,18,4.91,88.38
2023-04-30,Лапша,Макаронные изделия,2,2.49,4.98
2023-04-30,Вермишель,Макаронные изделия,19,1.8,34.2
2023-04-30,Кефир,Молочные продукты,10,3.21,32.1
2023-04-30,Морковь,Овощи,8,3.12,24.96
2023-04-30,Лапша,Макаронные изделия,1,0.68,0.68
2023-04-30,Апельсины,Фрукты,20,3.31,66.2
2023-04-30,Морковь,Овощи,11,4.05,44.55
2023-04-30,Молоко,Молочные продукты,11,4.57,50.27
2023-04-30,Яйца,Молочные продукты,2,2.78,5.56
2023-04-30,Кефир,Молочные продукты,19,2.16,41.04
2023-04-30,Апельсины,Фрукты,7,4.2,29.4
2023-04-30,Яйца,Молочные продукты,17,4.86,82.62
